collection_id,set_id,set_name
cuet,cuet-mathematics-2022-slot-1-25-may-shift-1,CUET Mathematics 2022 Slot 1 (25 May Shift 1)
cuet,cuet-mathematics-2022-slot-2-23-aug-shift-1,CUET Mathematics 2022 Slot 2 (23 Aug Shift 1)
cuet,cuet-mathematics-2022-slot-3-16-july-shift-2,CUET Mathematics 2022 Slot 3 (16 July Shift 2)
cuet,cuet-mathematics-2022-slot-4-30-aug-shift-1,CUET Mathematics 2022 Slot 4 (30 Aug Shift 1)
cuet,cuet-mathematics-2022-slot-5-10-aug-shift-1,CUET Mathematics 2022 Slot 5 (10 Aug Shift 1)
cuet,cuet-mathematics-2022-slot-6-4-aug-shift-1,CUET Mathematics 2022 Slot 6 (4 Aug Shift 1)
cuet,cuet-mathematics-2022-slot-7-6-aug-shift-2,CUET Mathematics 2022 Slot 7 (6 Aug Shift 2)
cuet,cuet-mathematics-2022-slot-8-17-aug-shift-2,CUET Mathematics 2022 Slot 8 (17 Aug Shift 2)
cuet,cuet-mathematics-2022-slot-9-7-aug-shift-2,CUET Mathematics 2022 Slot 9 (7 Aug Shift 2)
cuet,cuet-mathematics-2023-slot-1-15-june-shift-2,CUET Mathematics 2023 Slot 1 (15 June Shift 2)
cuet,cuet-mathematics-2023-slot-2-30-may-shift-3,CUET Mathematics 2023 Slot 2 (30 May Shift 3)
cuet,cuet-mathematics-2023-slot-3-22-may-shift-3,CUET Mathematics 2023 Slot 3 (22 May Shift 3)
cuet,cuet-mathematics-2023-slot-4-23-may-shift-3,CUET Mathematics 2023 Slot 4 (23 May Shift 3)
cuet,cuet-mathematics-2023-slot-5-7-june-shift-1,CUET Mathematics 2023 Slot 5 (7 June Shift 1)
cuet,cuet-mathematics-2023-slot-6-11-aug-shift-1,CUET Mathematics 2023 Slot 6 (11 Aug Shift 1)
cuet,cuet-mathematics-2024-slot-1-16-may-shift-1,CUET Mathematics 2024 Slot 1 (16 May Shift 1)
cuet,cuet-mathematics-2025-slot-1-13-may-shift-1,CUET Mathematics 2025 Slot 1 (13 May Shift 1)
cuet,cuet-mathematics-2025-slot-10-21-may-shift-2,CUET Mathematics 2025 Slot 10 (21 May Shift 2)
cuet,cuet-mathematics-2025-slot-11-22-may-shift-1,CUET Mathematics 2025 Slot 11 (22 May Shift 1)
cuet,cuet-mathematics-2025-slot-12-22-may-shift-2,CUET Mathematics 2025 Slot 12 (22 May Shift 2)
cuet,cuet-mathematics-2025-slot-13-26-may-shift-2,CUET Mathematics 2025 Slot 13 (26 May Shift 2)
cuet,cuet-mathematics-2025-slot-14-27-may-shift-1,CUET Mathematics 2025 Slot 14 (27 May Shift 1)
cuet,cuet-mathematics-2025-slot-15-29-may-shift-2,CUET Mathematics 2025 Slot 15 (29 May Shift 2)
cuet,cuet-mathematics-2025-slot-16-30-may-shift-1,CUET Mathematics 2025 Slot 16 (30 May Shift 1)
cuet,cuet-mathematics-2025-slot-17-30-may-shift-2,CUET Mathematics 2025 Slot 17 (30 May Shift 2)
cuet,cuet-mathematics-2025-slot-18-2-june-shift-1,CUET Mathematics 2025 Slot 18 (2 June Shift 1)
cuet,cuet-mathematics-2025-slot-19-3-june-shift-1,CUET Mathematics 2025 Slot 19 (3 June Shift 1)
cuet,cuet-mathematics-2025-slot-2-13-may-shift-2,CUET Mathematics 2025 Slot 2 (13 May Shift 2)
cuet,cuet-mathematics-2025-slot-20-3-june-shift-2,CUET Mathematics 2025 Slot 20 (3 June Shift 2)
cuet,cuet-mathematics-2025-slot-3-14-may-shift-1,CUET Mathematics 2025 Slot 3 (14 May Shift 1)
cuet,cuet-mathematics-2025-slot-4-14-may-shift-2,CUET Mathematics 2025 Slot 4 (14 May Shift 2)
cuet,cuet-mathematics-2025-slot-5-15-may-shift-1,CUET Mathematics 2025 Slot 5 (15 May Shift 1)
cuet,cuet-mathematics-2025-slot-6-15-may-shift-2,CUET Mathematics 2025 Slot 6 (15 May Shift 2)
cuet,cuet-mathematics-2025-slot-7-16-may-shift-1,CUET Mathematics 2025 Slot 7 (16 May Shift 1)
cuet,cuet-mathematics-2025-slot-8-19-may-shift-1,CUET Mathematics 2025 Slot 8 (19 May Shift 1)
cuet,cuet-mathematics-2025-slot-9-21-may-shift-1,CUET Mathematics 2025 Slot 9 (21 May Shift 1)
cuet,cuet-mathematics-2026-slot-1-12-may-shift-2,CUET Mathematics 2026 Slot 1 (12 May Shift 2)
cuet,cuet-mathematics-2026-slot-10-22-may-shift-1,CUET Mathematics 2026 Slot 10 (22 May Shift 1)
cuet,cuet-mathematics-2026-slot-11-22-may-shift-2,CUET Mathematics 2026 Slot 11 (22 May Shift 2)
cuet,cuet-mathematics-2026-slot-12-25-may-shift-1,CUET Mathematics 2026 Slot 12 (25 May Shift 1)
cuet,cuet-mathematics-2026-slot-13-26-may-shift-2,CUET Mathematics 2026 Slot 13 (26 May Shift 2)
cuet,cuet-mathematics-2026-slot-14-29-may-shift-1,CUET Mathematics 2026 Slot 14 (29 May Shift 1)
cuet,cuet-mathematics-2026-slot-15-29-may-shift-2,CUET Mathematics 2026 Slot 15 (29 May Shift 2)
cuet,cuet-mathematics-2026-slot-16-30-may-shift-1,CUET Mathematics 2026 Slot 16 (30 May Shift 1)
cuet,cuet-mathematics-2026-slot-17-30-may-shift-2,CUET Mathematics 2026 Slot 17 (30 May Shift 2)
cuet,cuet-mathematics-2026-slot-18-31-may-shift-2,CUET Mathematics 2026 Slot 18 (31 May Shift 2)
cuet,cuet-mathematics-2026-slot-2-14-may-shift-2,CUET Mathematics 2026 Slot 2 (14 May Shift 2)
cuet,cuet-mathematics-2026-slot-3-15-may-shift-1,CUET Mathematics 2026 Slot 3 (15 May Shift 1)
cuet,cuet-mathematics-2026-slot-4-18-may-shift-1,CUET Mathematics 2026 Slot 4 (18 May Shift 1)
cuet,cuet-mathematics-2026-slot-5-18-may-shift-2,CUET Mathematics 2026 Slot 5 (18 May Shift 2)
cuet,cuet-mathematics-2026-slot-6-19-may-shift-1,CUET Mathematics 2026 Slot 6 (19 May Shift 1)
cuet,cuet-mathematics-2026-slot-7-19-may-shift-2,CUET Mathematics 2026 Slot 7 (19 May Shift 2)
cuet,cuet-mathematics-2026-slot-8-21-may-shift-1,CUET Mathematics 2026 Slot 8 (21 May Shift 1)
cuet,cuet-mathematics-2026-slot-9-21-may-shift-2,CUET Mathematics 2026 Slot 9 (21 May Shift 2)